{
  "mean": [
    -0.027668246999382973,
    0.0005231625982560217,
    -0.013825581409037113,
    0.004191231448203325
  ],
  "std": [
    0.08966082334518433,
    0.030251260846853256,
    0.26846516132354736,
    0.04661311209201813
  ],
  "description": "V2: Gaussian fit to (x_inverse - x_best_local) deltas"
}