{
  "iter": 1,
  "meta_value": 0.0017293252678065116,
  "exploitability": {
    "meta_value": 0.0017293252678065116,
    "row_best_response": 0.0019410284863843204,
    "col_best_response": 0.001287976671735917,
    "exploitability": 0.0006530518146484034
  },
  "elo_p0": [
    -400.0,
    400.0,
    -1.4500398078872068e-80
  ],
  "elo_p1": [
    -400.0,
    2.859608115272008e-16,
    400.0
  ],
  "rpp_p0": [
    0.0,
    1.0,
    0.5
  ],
  "rpp_p1": [
    0.0,
    0.5,
    1.0
  ],
  "mix_p0": [
    0.2853883922685809,
    0.3684991483737439,
    0.34611245935767515
  ],
  "mix_p1": [
    0.2590251778945344,
    0.33865373879463606,
    0.40232108331082955
  ],
  "m": 3,
  "n": 3
}