{
  "iter": 0,
  "meta_value": 0.002134066399969663,
  "exploitability": {
    "meta_value": 0.002134066399969663,
    "row_best_response": 0.002556344797026995,
    "col_best_response": 0.0018320962405682175,
    "exploitability": 0.0007242485564587775
  },
  "elo_p0": [
    -200.0,
    200.0
  ],
  "elo_p1": [
    -200.0,
    200.0
  ],
  "rpp_p0": [
    0.0,
    1.0
  ],
  "rpp_p1": [
    0.0,
    1.0
  ],
  "mix_p0": [
    0.3967679611821844,
    0.6032320388178156
  ],
  "mix_p1": [
    0.42742978288121025,
    0.5725702171187897
  ],
  "m": 2,
  "n": 2
}