{
  "iter": 2,
  "meta_value": 0.0019819599131527953,
  "exploitability": {
    "meta_value": 0.0019819599131527953,
    "row_best_response": 0.0022493936370646126,
    "col_best_response": 0.0013781290492476835,
    "exploitability": 0.0008712645878169291
  },
  "elo_p0": [
    -600.0,
    200.0,
    -200.0,
    600.0
  ],
  "elo_p1": [
    -600.0,
    200.0,
    600.0,
    -200.0
  ],
  "rpp_p0": [
    0.0,
    0.6666666666666666,
    0.3333333333333333,
    1.0
  ],
  "rpp_p1": [
    0.0,
    0.6666666666666666,
    1.0,
    0.3333333333333333
  ],
  "mix_p0": [
    0.20101367274191378,
    0.27232739239778536,
    0.246664027622098,
    0.279994907238203
  ],
  "mix_p1": [
    0.20614873467899553,
    0.26086338688396116,
    0.32213665232604716,
    0.21085122611099608
  ],
  "m": 4,
  "n": 4
}