{
  "iter": 3,
  "meta_value": 0.0019819599131527953,
  "mix_p0": [
    0.20101367274191378,
    0.27232739239778536,
    0.246664027622098,
    0.279994907238203
  ],
  "mix_p1": [
    0.20614873467899553,
    0.26086338688396116,
    0.32213665232604716,
    0.21085122611099608
  ]
}