{
  "iter": 2,
  "meta_value": 0.0017293252678065116,
  "mix_p0": [
    0.2853883922685809,
    0.3684991483737439,
    0.34611245935767515
  ],
  "mix_p1": [
    0.2590251778945344,
    0.33865373879463606,
    0.40232108331082955
  ]
}