{
  "iter": 1,
  "meta_value": 0.002134066399969663,
  "mix_p0": [
    0.3967679611821844,
    0.6032320388178156
  ],
  "mix_p1": [
    0.42742978288121025,
    0.5725702171187897
  ]
}