{
  "iter": 2,
  "meta_value": 0.0666321352971669,
  "exploitability": {
    "meta_value": 0.0666321352971669,
    "row_best_response": 0.0666321352971892,
    "col_best_response": 0.06549580891924865,
    "exploitability": 0.001136326377940547
  },
  "elo_p0": [
    200.0,
    600.0,
    -200.0,
    -600.0
  ],
  "elo_p1": [
    -200.0,
    600.0,
    200.0,
    -600.0
  ],
  "rpp_p0": [
    0.6666666666666666,
    1.0,
    0.3333333333333333,
    0.0
  ],
  "rpp_p1": [
    0.3333333333333333,
    1.0,
    0.6666666666666666,
    0.0
  ],
  "mix_p0": [
    2.219989753185946e-13,
    0.9999999999996937,
    7.482735516749886e-14,
    9.511940233376373e-15
  ],
  "mix_p1": [
    0.09370845982090704,
    0.6953479489833536,
    0.20917922048109117,
    0.0017643707146481728
  ],
  "m": 4,
  "n": 4
}