{
  "iter": 0,
  "meta_value": 0.0660962933261374,
  "exploitability": {
    "meta_value": 0.0660962933261374,
    "row_best_response": 0.06609629332615732,
    "col_best_response": 0.065495808919251,
    "exploitability": 0.0006004844069063264
  },
  "elo_p0": [
    -200.0,
    200.0
  ],
  "elo_p1": [
    -200.0,
    200.0
  ],
  "rpp_p0": [
    0.0,
    1.0
  ],
  "rpp_p1": [
    0.0,
    1.0
  ],
  "mix_p0": [
    2.78090278344559e-13,
    0.9999999999997219
  ],
  "mix_p1": [
    0.1168911269991497,
    0.8831088730008503
  ],
  "m": 2,
  "n": 2
}