{
  "iter": 3,
  "meta_value": 0.06696244007962908,
  "exploitability": {
    "meta_value": 0.06696244007962908,
    "row_best_response": 0.06696244007965425,
    "col_best_response": 0.0654958089192458,
    "exploitability": 0.0014666311604084603
  },
  "elo_p0": [
    400.0,
    800.0,
    2.0315737610641507e-16,
    -400.0,
    -800.0
  ],
  "elo_p1": [
    3.662392241264165e-17,
    800.0,
    400.0,
    -800.0,
    -400.0
  ],
  "rpp_p0": [
    0.75,
    1.0,
    0.5,
    0.25,
    0.0
  ],
  "rpp_p1": [
    0.5,
    1.0,
    0.75,
    0.0,
    0.25
  ],
  "mix_p0": [
    2.421800966686273e-13,
    0.9999999999996549,
    8.088106007799053e-14,
    1.1164123245941704e-14,
    1.0655746584310107e-14
  ],
  "mix_p1": [
    0.08552272884986224,
    0.6348062566431033,
    0.19086617264986067,
    0.0016469642738087533,
    0.08715787758336505
  ],
  "m": 5,
  "n": 5
}