{
  "iter": 1,
  "meta_value": 0.06660489663711826,
  "exploitability": {
    "meta_value": 0.06660489663711826,
    "row_best_response": 0.066604896637146,
    "col_best_response": 0.06549580891924324,
    "exploitability": 0.0011090877179027597
  },
  "elo_p0": [
    2.859608115272008e-16,
    400.0,
    -400.0
  ],
  "elo_p1": [
    -400.0,
    400.0,
    -1.4500398078872068e-80
  ],
  "rpp_p0": [
    0.5,
    1.0,
    0.0
  ],
  "rpp_p1": [
    0.0,
    1.0,
    0.5
  ],
  "mix_p0": [
    2.8257212931592934e-13,
    0.9999999999996175,
    9.996635329047043e-14
  ],
  "mix_p1": [
    0.09342814937185988,
    0.69692255033929,
    0.20964930028885026
  ],
  "m": 3,
  "n": 3
}