{
  "iter": 3,
  "meta_value": 0.0666321352971669,
  "mix_p0": [
    2.219989753185946e-13,
    0.9999999999996937,
    7.482735516749886e-14,
    9.511940233376373e-15
  ],
  "mix_p1": [
    0.09370845982090704,
    0.6953479489833536,
    0.20917922048109117,
    0.0017643707146481728
  ]
}