{
  "iter": 1,
  "meta_value": 0.0660962933261374,
  "mix_p0": [
    2.78090278344559e-13,
    0.9999999999997219
  ],
  "mix_p1": [
    0.1168911269991497,
    0.8831088730008503
  ]
}