{
  "iter": 4,
  "meta_value": 0.06696244007962908,
  "mix_p0": [
    2.421800966686273e-13,
    0.9999999999996549,
    8.088106007799053e-14,
    1.1164123245941704e-14,
    1.0655746584310107e-14
  ],
  "mix_p1": [
    0.08552272884986224,
    0.6348062566431033,
    0.19086617264986067,
    0.0016469642738087533,
    0.08715787758336505
  ]
}