{
  "iter": 2,
  "meta_value": 0.06660489663711826,
  "mix_p0": [
    2.8257212931592934e-13,
    0.9999999999996175,
    9.996635329047043e-14
  ],
  "mix_p1": [
    0.09342814937185988,
    0.69692255033929,
    0.20964930028885026
  ]
}